{"cameraMode":{"drawMode":0,"name":"Shaded","section":"Shading Mode"},"sceneLighting":true,"audioPlay":false,"sceneViewState":{"m_AlwaysRefresh":false,"showFog":true,"showSkybox":true,"showFlares":true,"showImageEffects":true,"showParticleSystems":true,"showVisualEffectGraphs":true,"m_FxEnabled":true},"in2DMode":false,"pivot":{"x":4.951535701751709,"y":1.6474062204360963,"z":5.981905460357666},"rotation":{"x":-0.08475327491760254,"y":-0.21013040840625764,"z":0.018300561234354974,"w":-0.9739031195640564},"size":2.181135654449463,"orthographic":false}