{"cameraMode":{"drawMode":0,"name":"Shaded","section":"Shading Mode"},"sceneLighting":true,"audioPlay":false,"sceneViewState":{"m_AlwaysRefresh":false,"showFog":true,"showSkybox":true,"showFlares":true,"showImageEffects":true,"showParticleSystems":true,"showVisualEffectGraphs":true,"m_FxEnabled":true},"in2DMode":false,"pivot":{"x":534.6707153320313,"y":251.05271911621095,"z":-0.29754638671875},"rotation":{"x":0.03599126636981964,"y":0.007495079189538956,"z":-0.00026993651408702135,"w":0.9993242621421814},"size":363.1298522949219,"orthographic":false}