{"cameraMode":{"drawMode":0,"name":"Shaded","section":"Shading Mode"},"sceneLighting":true,"audioPlay":false,"sceneViewState":{"m_AlwaysRefresh":false,"showFog":true,"showSkybox":true,"showFlares":true,"showImageEffects":true,"showParticleSystems":true,"showVisualEffectGraphs":true,"m_FxEnabled":true},"in2DMode":false,"pivot":{"x":-0.3543468415737152,"y":-0.8792320489883423,"z":15.668458938598633},"rotation":{"x":-0.1431121528148651,"y":0.005821589380502701,"z":0.00020896077330689877,"w":-0.9910261631011963},"size":10.854044914245606,"orthographic":false}