{"cameraMode":{"drawMode":0,"name":"Shaded","section":"Shading Mode"},"sceneLighting":true,"audioPlay":false,"sceneViewState":{"m_AlwaysRefresh":false,"showFog":true,"showSkybox":true,"showFlares":true,"showImageEffects":true,"showParticleSystems":true,"showVisualEffectGraphs":true,"m_FxEnabled":true},"in2DMode":false,"pivot":{"x":-5.981588840484619,"y":0.4451347589492798,"z":12.687606811523438},"rotation":{"x":0.09605743736028671,"y":-0.04776802286505699,"z":0.0045828367583453659,"w":0.9942739605903626},"size":2.2413523197174074,"orthographic":false}