{"cameraMode":{"drawMode":0,"name":"Shaded","section":"Shading Mode"},"sceneLighting":true,"audioPlay":false,"sceneViewState":{"m_AlwaysRefresh":false,"showFog":true,"showSkybox":true,"showFlares":true,"showImageEffects":true,"showParticleSystems":true,"showVisualEffectGraphs":true,"m_FxEnabled":true},"in2DMode":false,"pivot":{"x":-34.970191955566409,"y":-14.569038391113282,"z":-22.230972290039064},"rotation":{"x":-0.08991816639900208,"y":0.8686642050743103,"z":-0.16655761003494264,"w":-0.4602099359035492},"size":24.818605422973634,"orthographic":false}