{"cameraMode":{"drawMode":0,"name":"Shaded","section":"Shading Mode"},"sceneLighting":true,"audioPlay":false,"sceneViewState":{"m_AlwaysRefresh":false,"showFog":true,"showSkybox":true,"showFlares":true,"showImageEffects":true,"showParticleSystems":true,"showVisualEffectGraphs":true,"m_FxEnabled":true},"in2DMode":false,"pivot":{"x":-0.7311546206474304,"y":2.0388224124908449,"z":1.7125561237335206},"rotation":{"x":-0.16277243196964265,"y":0.40316838026046755,"z":-0.0708337128162384,"w":-0.8992428779602051},"size":2.393385887145996,"orthographic":false}