{"cameraMode":{"drawMode":0,"name":"Shaded","section":"Shading Mode"},"sceneLighting":true,"audioPlay":false,"sceneViewState":{"m_AlwaysRefresh":false,"showFog":true,"showSkybox":true,"showFlares":true,"showImageEffects":true,"showParticleSystems":true,"showVisualEffectGraphs":true,"m_FxEnabled":true},"in2DMode":false,"pivot":{"x":1290.809326171875,"y":-146.38320922851563,"z":420.46588134765627},"rotation":{"x":0.02864767424762249,"y":0.9034906029701233,"z":-0.06053011491894722,"w":0.42363062500953677},"size":39.76682662963867,"orthographic":false}