{"cameraMode":{"drawMode":0,"name":"Shaded","section":"Shading Mode"},"sceneLighting":true,"audioPlay":false,"sceneViewState":{"m_AlwaysRefresh":false,"showFog":true,"showSkybox":true,"showFlares":true,"showImageEffects":true,"showParticleSystems":true,"showVisualEffectGraphs":true,"m_FxEnabled":true},"in2DMode":false,"pivot":{"x":508.9966735839844,"y":261.179931640625,"z":108.6700668334961},"rotation":{"x":0.042831454426050189,"y":0.0010331590892747045,"z":0.0022663322743028404,"w":-1.0004289150238038},"size":445.6485900878906,"orthographic":false}