{"cameraMode":{"drawMode":0,"name":"Shaded","section":"Shading Mode"},"sceneLighting":true,"audioPlay":false,"sceneViewState":{"m_AlwaysRefresh":false,"showFog":true,"showSkybox":true,"showFlares":true,"showImageEffects":true,"showParticleSystems":true,"showVisualEffectGraphs":true,"m_FxEnabled":true},"in2DMode":false,"pivot":{"x":789.239013671875,"y":149.96566772460938,"z":-489.79486083984377},"rotation":{"x":-0.0076783932745456699,"y":0.960845410823822,"z":0.02795804850757122,"w":0.2760712206363678},"size":615.0858764648438,"orthographic":false}