{"cameraMode":{"drawMode":0,"name":"Shaded","section":"Shading Mode"},"sceneLighting":true,"audioPlay":false,"sceneViewState":{"m_AlwaysRefresh":false,"showFog":true,"showSkybox":true,"showFlares":true,"showImageEffects":true,"showParticleSystems":true,"showVisualEffectGraphs":true,"m_FxEnabled":true},"in2DMode":false,"pivot":{"x":8.796281814575196,"y":9.502787590026856,"z":2.168848752975464},"rotation":{"x":-0.0021629855036735536,"y":0.9991079568862915,"z":0.016103917732834817,"w":0.06455226242542267},"size":10.854044914245606,"orthographic":false}