{"cameraMode":{"drawMode":0,"name":"Shaded","section":"Shading Mode"},"sceneLighting":false,"audioPlay":false,"sceneViewState":{"m_AlwaysRefresh":false,"showFog":true,"showSkybox":false,"showFlares":true,"showImageEffects":true,"showParticleSystems":true,"showVisualEffectGraphs":true,"m_FxEnabled":true},"in2DMode":false,"pivot":{"x":-11.089046478271485,"y":3.810852527618408,"z":0.005498737096786499},"rotation":{"x":-0.015231944620609284,"y":0.9836457967758179,"z":-0.10098908841609955,"w":-0.14836077392101289},"size":11.738312721252442,"orthographic":false}